{
  "frequency": {
    "values": [
      2.0,
      2.2,
      2.4,
      2.6,
      2.8,
      3.0,
      3.2,
      3.4000000000000004,
      3.6,
      3.8,
      4.0,
      4.2,
      4.4,
      4.6,
      4.800000000000001,
      5.0,
      5.2,
      5.4,
      5.6,
      5.800000000000001,
      6.0
    ],
    "throughputs": [
      410.375,
      373.06818181818187,
      341.97916666666674,
      315.6730769230769,
      293.125,
      273.58333333333337,
      256.484375,
      241.39705882352936,
      227.98611111111111,
      215.9868421052632,
      205.1875,
      195.4166666666666,
      186.53409090909093,
      178.42391304347825,
      170.98958333333331,
      164.14999999999998,
      157.83653846153845,
      151.99074074074073,
      146.5625,
      141.50862068965512,
      136.79166666666669
    ],
    "optimal_value": 2.0,
    "optimal_throughput": 410.375
  },
  "height": {
    "values": [
      10.0,
      20.0,
      30.0,
      40.0,
      50.0,
      60.0,
      70.0,
      80.0,
      90.0,
      100.0,
      110.0,
      120.0,
      130.0,
      140.0,
      150.0,
      160.0,
      170.0,
      180.0,
      190.0,
      200.0
    ],
    "throughputs": [
      140.7,
      164.14999999999998,
      187.60000000000002,
      211.05,
      234.5,
      229.81,
      225.12,
      220.42999999999998,
      215.74,
      211.05,
      206.36,
      201.67,
      196.98,
      192.29000000000002,
      187.60000000000002,
      182.91,
      178.22,
      173.53,
      168.84,
      164.14999999999998
    ],
    "optimal_value": 50.0,
    "optimal_throughput": 234.5
  },
  "snr": {
    "values": [
      5.0,
      7.0,
      9.0,
      11.0,
      13.0,
      15.0,
      17.0,
      19.0,
      21.0,
      23.0,
      25.0,
      27.0,
      29.0,
      31.0,
      33.0,
      35.0
    ],
    "throughputs": [
      72.46000200926306,
      91.14196390011516,
      111.32248342181938,
      132.5807210176983,
      154.58120104969365,
      177.07771861181786,
      199.89908557593068,
      222.9303733569107,
      246.09614539428205,
      269.34759646036525,
      292.6534399083221,
      315.99373605946425,
      339.35582377785715,
      362.73168236313876,
      386.11623828132167,
      409.506285234993
    ],
    "optimal_value": 35.0,
    "optimal_throughput": 409.506285234993
  }
}