{
  "simulation_type": "interference_analysis",
  "timestamp": "2026-02-01",
  "system_config": {
    "scenario": "Munich Multi-UAV Interference 5G NR",
    "max_uavs": 8,
    "interference_scenarios": 5,
    "resource_blocks": 273,
    "bandwidth": "100 MHz",
    "analysis_area": "\u00b1300m"
  },
  "interference_analysis": {
    "max_uavs_supported": 8,
    "scenarios_analyzed": 5,
    "resource_blocks": 273,
    "analysis_area_m2": 360000
  },
  "scenario_results": {
    "low_density": {
      "name": "Baja Densidad",
      "scenario_info": {
        "name": "Baja Densidad",
        "uav_count": 3,
        "area_factor": 1.0
      },
      "performance_stats": {
        "num_uavs": 3,
        "total_throughput_mbps": 438.41104452671914,
        "avg_throughput_mbps": 146.13701484223972,
        "min_throughput_mbps": 124.18135072801653,
        "max_throughput_mbps": 158.72225766297268,
        "avg_sinr_db": 15.942965323107515,
        "min_sinr_db": 12.611451313625022,
        "throughput_fairness": 0.7823814539716317
      },
      "uav_individual_stats": {
        "throughputs_mbps": [
          124.18135072801653,
          158.72225766297268,
          155.50743613572988
        ],
        "sinr_values_db": [
          12.611451313625022,
          17.85171129554068,
          17.365733360156838
        ],
        "distances_to_gnb_m": [
          510.62011111580387,
          394.28997659666175,
          298.5718824504996
        ]
      }
    },
    "medium_density": {
      "name": "Densidad Media",
      "scenario_info": {
        "name": "Densidad Media",
        "uav_count": 5,
        "area_factor": 0.8
      },
      "performance_stats": {
        "num_uavs": 5,
        "total_throughput_mbps": 198.36021597381477,
        "avg_throughput_mbps": 39.672043194762956,
        "min_throughput_mbps": 28.502207064073296,
        "max_throughput_mbps": 64.32351790998482,
        "avg_sinr_db": 3.3290887361325376,
        "min_sinr_db": 0.19948711204963937,
        "throughput_fairness": 0.4431070934888801
      },
      "uav_individual_stats": {
        "throughputs_mbps": [
          28.502207064073296,
          28.518031049710856,
          33.41150260992096,
          43.604957340124855,
          64.32351790998482
        ],
        "sinr_values_db": [
          0.19948711204963937,
          0.20440399575289625,
          1.679806143518293,
          4.553288640237788,
          10.008457789104071
        ],
        "distances_to_gnb_m": [
          430.18212993098376,
          391.8394215317572,
          352.92361969138534,
          241.584169689775,
          168.53773502617045
        ]
      }
    },
    "high_density": {
      "name": "Alta Densidad",
      "scenario_info": {
        "name": "Alta Densidad",
        "uav_count": 8,
        "area_factor": 0.6
      },
      "performance_stats": {
        "num_uavs": 8,
        "total_throughput_mbps": 196.3381214256264,
        "avg_throughput_mbps": 24.5422651782033,
        "min_throughput_mbps": 17.554633547254834,
        "max_throughput_mbps": 34.8678747436489,
        "avg_sinr_db": 3.2605593051688118,
        "min_sinr_db": 0.07021389652853292,
        "throughput_fairness": 0.5034615294541968
      },
      "uav_individual_stats": {
        "throughputs_mbps": [
          17.937559950313677,
          26.487744710724776,
          28.870914372124883,
          18.281571826684637,
          21.128093942260502,
          17.554633547254834,
          34.8678747436489,
          31.209728332614212
        ],
        "sinr_values_db": [
          0.2608990806542006,
          4.218114654179136,
          5.255165558226901,
          0.4308543113955442,
          1.7950452636174075,
          0.07021389652853292,
          7.79779755873,
          6.25638411801877
        ],
        "distances_to_gnb_m": [
          485.408761658451,
          251.42618660605956,
          216.20096788160825,
          460.4288111000853,
          336.57252342748535,
          394.53747000105795,
          290.8647493529613,
          162.81500946216977
        ]
      }
    },
    "clustered": {
      "name": "UAVs Agrupados",
      "scenario_info": {
        "name": "UAVs Agrupados",
        "uav_count": 6,
        "area_factor": 0.4
      },
      "performance_stats": {
        "num_uavs": 6,
        "total_throughput_mbps": 193.34758006002102,
        "avg_throughput_mbps": 32.22459667667017,
        "min_throughput_mbps": 19.41700319140458,
        "max_throughput_mbps": 52.45107278512034,
        "avg_sinr_db": 2.9287082365740065,
        "min_sinr_db": -1.4849989174274687,
        "throughput_fairness": 0.3701926797751393
      },
      "uav_individual_stats": {
        "throughputs_mbps": [
          19.41700319140458,
          50.786709414857,
          22.68422456303937,
          19.634698165946304,
          52.45107278512034,
          28.373871939653437
        ],
        "sinr_values_db": [
          -1.4849989174274687,
          9.137268699040433,
          -0.20228601945876887,
          -1.3966373720148082,
          9.65269789102071,
          1.8662051382839404
        ],
        "distances_to_gnb_m": [
          516.0268885626266,
          179.04494077208787,
          454.2819234925338,
          493.65659828509297,
          167.10090343017086,
          406.24358037189813
        ]
      }
    },
    "distributed": {
      "name": "UAVs Distribuidos",
      "scenario_info": {
        "name": "UAVs Distribuidos",
        "uav_count": 7,
        "area_factor": 1.2
      },
      "performance_stats": {
        "num_uavs": 7,
        "total_throughput_mbps": 320.2631953221558,
        "avg_throughput_mbps": 45.75188504602226,
        "min_throughput_mbps": 36.36302810404175,
        "max_throughput_mbps": 61.04672189481986,
        "avg_sinr_db": 9.909633997639459,
        "min_sinr_db": 6.514410886935024,
        "throughput_fairness": 0.5956589801282572
      },
      "uav_individual_stats": {
        "throughputs_mbps": [
          55.168106061481694,
          61.04672189481986,
          50.72424479010833,
          40.92034706791384,
          36.63103347887968,
          36.36302810404175,
          39.40971392491067
        ],
        "sinr_values_db": [
          13.304088764409986,
          15.387822327629264,
          11.721402684713428,
          8.188992142959304,
          6.613725708615793,
          6.514410886935024,
          7.636995468213414
        ],
        "distances_to_gnb_m": [
          274.1789453495345,
          161.24608792572485,
          339.84762396506994,
          490.05198392860655,
          686.6542792684054,
          608.6488848167734,
          426.5471203354205
        ]
      }
    }
  },
  "comparative_analysis": {
    "best_total_throughput": {
      "scenario": "Baja Densidad",
      "value_mbps": 438.41104452671914
    },
    "best_avg_throughput": {
      "scenario": "Baja Densidad",
      "value_mbps": 146.13701484223972
    },
    "best_sinr": {
      "scenario": "Baja Densidad",
      "value_db": 15.942965323107515
    },
    "most_balanced": {
      "scenario": "Alta Densidad",
      "balance_score": 0.6043081731090146
    }
  },
  "recommendations": {
    "for_maximum_capacity": "Baja Densidad",
    "for_best_individual_performance": "Baja Densidad",
    "for_best_signal_quality": "Baja Densidad",
    "for_fairness": "Alta Densidad"
  },
  "summary": {
    "best_scenario_overall": "Baja Densidad",
    "max_total_throughput": "438.4 Mbps",
    "best_individual_throughput": "146.1 Mbps",
    "interference_impact": "Significativo en escenarios de alta densidad"
  }
}