{
  "simulation_type": "interference_analysis",
  "timestamp": "2026-02-01",
  "system_config": {
    "scenario": "Munich Multi-UAV Interference 5G NR",
    "max_uavs": 8,
    "interference_scenarios": 5,
    "resource_blocks": 273,
    "bandwidth": "100 MHz",
    "analysis_area": "\u00b1300m"
  },
  "interference_analysis": {
    "max_uavs_supported": 8,
    "scenarios_analyzed": 5,
    "resource_blocks": 273,
    "analysis_area_m2": 360000
  },
  "scenario_results": {
    "low_density": {
      "name": "Baja Densidad",
      "scenario_info": {
        "name": "Baja Densidad",
        "uav_count": 3,
        "area_factor": 1.0
      },
      "performance_stats": {
        "num_uavs": 3,
        "total_throughput_mbps": 443.2287467843763,
        "avg_throughput_mbps": 147.7429155947921,
        "min_throughput_mbps": 119.10044768629136,
        "max_throughput_mbps": 195.93011735269695,
        "avg_sinr_db": 16.17464404276421,
        "min_sinr_db": 11.835225921347268,
        "throughput_fairness": 0.6078720785528686
      },
      "uav_individual_stats": {
        "throughputs_mbps": [
          195.93011735269695,
          119.10044768629136,
          128.198181745388
        ],
        "sinr_values_db": [
          23.464934903718245,
          11.835225921347268,
          13.223771303227124
        ],
        "distances_to_gnb_m": [
          181.6134223152257,
          720.4769853560151,
          497.69882894081843
        ]
      }
    },
    "medium_density": {
      "name": "Densidad Media",
      "scenario_info": {
        "name": "Densidad Media",
        "uav_count": 5,
        "area_factor": 0.8
      },
      "performance_stats": {
        "num_uavs": 5,
        "total_throughput_mbps": 269.6884372775722,
        "avg_throughput_mbps": 53.937687455514435,
        "min_throughput_mbps": 42.15992697011082,
        "max_throughput_mbps": 66.78908590577502,
        "avg_sinr_db": 7.273922340331049,
        "min_sinr_db": 4.157537861164138,
        "throughput_fairness": 0.6312397661736135
      },
      "uav_individual_stats": {
        "throughputs_mbps": [
          66.78908590577502,
          65.17462048621769,
          43.366878790206364,
          42.15992697011082,
          52.19792512526224
        ],
        "sinr_values_db": [
          10.641326343940747,
          10.227159291656395,
          4.4882921945164975,
          4.157537861164138,
          6.855296010377466
        ],
        "distances_to_gnb_m": [
          269.3588852463975,
          223.05437633839156,
          464.5494218654191,
          492.94367501085,
          307.2431828428797
        ]
      }
    },
    "high_density": {
      "name": "Alta Densidad",
      "scenario_info": {
        "name": "Alta Densidad",
        "uav_count": 8,
        "area_factor": 0.6
      },
      "performance_stats": {
        "num_uavs": 8,
        "total_throughput_mbps": 221.46027518473312,
        "avg_throughput_mbps": 27.68253439809164,
        "min_throughput_mbps": 20.003182977743364,
        "max_throughput_mbps": 41.534784338989205,
        "avg_sinr_db": 4.6701590913507545,
        "min_sinr_db": 1.264132939752126,
        "throughput_fairness": 0.48160074251224977
      },
      "uav_individual_stats": {
        "throughputs_mbps": [
          27.55632481003165,
          25.485872589887563,
          34.757409867589914,
          23.627023788402383,
          27.77381382653893,
          20.003182977743364,
          20.72186298555013,
          41.534784338989205
        ],
        "sinr_values_db": [
          4.685499069280254,
          3.775926086704163,
          7.7516095948867205,
          2.9436790260856593,
          4.780132606854384,
          1.264132939752126,
          1.6044328864963617,
          10.555860520746368
        ],
        "distances_to_gnb_m": [
          233.66891185319614,
          298.1206089008971,
          460.676698689689,
          367.3792107250671,
          287.0031725819457,
          517.2769783946745,
          443.90300395146636,
          153.48101726200554
        ]
      }
    },
    "clustered": {
      "name": "UAVs Agrupados",
      "scenario_info": {
        "name": "UAVs Agrupados",
        "uav_count": 6,
        "area_factor": 0.4
      },
      "performance_stats": {
        "num_uavs": 6,
        "total_throughput_mbps": 200.00013845650236,
        "avg_throughput_mbps": 33.33335640941706,
        "min_throughput_mbps": 19.773985544328045,
        "max_throughput_mbps": 58.38004616958347,
        "avg_sinr_db": 3.3241060135576763,
        "min_sinr_db": -1.340342481530101,
        "throughput_fairness": 0.3387113721508235
      },
      "uav_individual_stats": {
        "throughputs_mbps": [
          19.773985544328045,
          46.88468847661364,
          25.1396809555563,
          21.120854471730674,
          58.38004616958347,
          28.70088283869023
        ],
        "sinr_values_db": [
          -1.340342481530101,
          7.921316588074259,
          0.7113511518636989,
          -0.805090466755939,
          11.476951287199864,
          1.980450002494276
        ],
        "distances_to_gnb_m": [
          476.5081426603717,
          159.1427513942648,
          469.7052229632593,
          528.6167170633145,
          173.20183150075889,
          412.7508261985127
        ]
      }
    },
    "distributed": {
      "name": "UAVs Distribuidos",
      "scenario_info": {
        "name": "UAVs Distribuidos",
        "uav_count": 7,
        "area_factor": 1.2
      },
      "performance_stats": {
        "num_uavs": 7,
        "total_throughput_mbps": 329.6140480442299,
        "avg_throughput_mbps": 47.0877211491757,
        "min_throughput_mbps": 31.963842241041938,
        "max_throughput_mbps": 77.93767330836602,
        "avg_sinr_db": 10.359404496931408,
        "min_sinr_db": 4.864650094502123,
        "throughput_fairness": 0.4101205602401639
      },
      "uav_individual_stats": {
        "throughputs_mbps": [
          56.2458462963844,
          77.93767330836602,
          46.438255398546694,
          33.485500274805986,
          31.963842241041938,
          40.286553804980144,
          43.25637672010474
        ],
        "sinr_values_db": [
          13.686825478440287,
          21.343278892288815,
          10.18579211084261,
          5.4398776661234205,
          4.864650094502123,
          7.957730171713137,
          9.037677064609458
        ],
        "distances_to_gnb_m": [
          255.16217550704653,
          125.99952074001158,
          435.32841609875345,
          583.8045453135232,
          666.375839865,
          657.3359644611481,
          414.5571077711587
        ]
      }
    }
  },
  "comparative_analysis": {
    "best_total_throughput": {
      "scenario": "Baja Densidad",
      "value_mbps": 443.2287467843763
    },
    "best_avg_throughput": {
      "scenario": "Baja Densidad",
      "value_mbps": 147.7429155947921
    },
    "best_sinr": {
      "scenario": "Baja Densidad",
      "value_db": 16.17464404276421
    },
    "most_balanced": {
      "scenario": "Alta Densidad",
      "balance_score": 0.5848543855645392
    }
  },
  "recommendations": {
    "for_maximum_capacity": "Baja Densidad",
    "for_best_individual_performance": "Baja Densidad",
    "for_best_signal_quality": "Baja Densidad",
    "for_fairness": "Alta Densidad"
  },
  "summary": {
    "best_scenario_overall": "Baja Densidad",
    "max_total_throughput": "443.2 Mbps",
    "best_individual_throughput": "147.7 Mbps",
    "interference_impact": "Significativo en escenarios de alta densidad"
  }
}