{
  "simulation_type": "interference_analysis",
  "timestamp": "2026-02-01",
  "system_config": {
    "scenario": "Munich Multi-UAV Interference 5G NR",
    "max_uavs": 8,
    "interference_scenarios": 5,
    "resource_blocks": 273,
    "bandwidth": "100 MHz",
    "analysis_area": "\u00b1300m"
  },
  "interference_analysis": {
    "max_uavs_supported": 8,
    "scenarios_analyzed": 5,
    "resource_blocks": 273,
    "analysis_area_m2": 360000
  },
  "scenario_results": {
    "low_density": {
      "name": "Baja Densidad",
      "scenario_info": {
        "name": "Baja Densidad",
        "uav_count": 3,
        "area_factor": 1.0
      },
      "performance_stats": {
        "num_uavs": 3,
        "total_throughput_mbps": 471.78638037155616,
        "avg_throughput_mbps": 157.26212679051872,
        "min_throughput_mbps": 137.54251836738578,
        "max_throughput_mbps": 180.51238212733927,
        "avg_sinr_db": 17.62751635443368,
        "min_sinr_db": 14.644508260305296,
        "throughput_fairness": 0.7619561425451626
      },
      "uav_individual_stats": {
        "throughputs_mbps": [
          137.54251836738578,
          153.73147987683112,
          180.51238212733927
        ],
        "sinr_values_db": [
          14.644508260305296,
          17.097160932741787,
          21.140879870253965
        ],
        "distances_to_gnb_m": [
          245.56119277758748,
          431.15653684309257,
          92.61924123966656
        ]
      }
    },
    "medium_density": {
      "name": "Densidad Media",
      "scenario_info": {
        "name": "Densidad Media",
        "uav_count": 5,
        "area_factor": 0.8
      },
      "performance_stats": {
        "num_uavs": 5,
        "total_throughput_mbps": 270.8501618912399,
        "avg_throughput_mbps": 54.17003237824798,
        "min_throughput_mbps": 28.72592059177392,
        "max_throughput_mbps": 85.23886993617525,
        "avg_sinr_db": 7.143122967983385,
        "min_sinr_db": 0.26890116330665187,
        "throughput_fairness": 0.33700494402709913
      },
      "uav_individual_stats": {
        "throughputs_mbps": [
          47.588845903336534,
          28.72592059177392,
          85.23886993617525,
          79.32073657623195,
          29.975788883722224
        ],
        "sinr_values_db": [
          5.6302072704732,
          0.26890116330665187,
          15.33057908537797,
          13.832979666580972,
          0.6529476541781363
        ],
        "distances_to_gnb_m": [
          501.7933625171111,
          548.9123529586813,
          325.935022622872,
          283.62476978681156,
          594.7161727114882
        ]
      }
    },
    "high_density": {
      "name": "Alta Densidad",
      "scenario_info": {
        "name": "Alta Densidad",
        "uav_count": 8,
        "area_factor": 0.6
      },
      "performance_stats": {
        "num_uavs": 8,
        "total_throughput_mbps": 193.69277061441983,
        "avg_throughput_mbps": 24.21159632680248,
        "min_throughput_mbps": 16.44866590051294,
        "max_throughput_mbps": 37.30923614313079,
        "avg_sinr_db": 3.093027024239416,
        "min_sinr_db": -0.49021375355696845,
        "throughput_fairness": 0.4408738318150047
      },
      "uav_individual_stats": {
        "throughputs_mbps": [
          16.44866590051294,
          27.556858038830068,
          21.06990537450468,
          37.30923614313079,
          32.49698286684147,
          20.942367270825557,
          21.060358835864882,
          16.808396183909455
        ],
        "sinr_values_db": [
          -0.49021375355696845,
          4.685731283428206,
          1.7678157102006418,
          8.813956964528971,
          6.80179458359381,
          1.7080482715698229,
          1.7633460492967188,
          -0.30626291514587234
        ],
        "distances_to_gnb_m": [
          442.2688450740706,
          325.4165876618421,
          411.67088093640336,
          228.0169512139084,
          271.2393223778072,
          365.5467552042605,
          402.39656373574155,
          458.48791352818006
        ]
      }
    },
    "clustered": {
      "name": "UAVs Agrupados",
      "scenario_info": {
        "name": "UAVs Agrupados",
        "uav_count": 6,
        "area_factor": 0.4
      },
      "performance_stats": {
        "num_uavs": 6,
        "total_throughput_mbps": 180.00191055478018,
        "avg_throughput_mbps": 30.000318425796696,
        "min_throughput_mbps": 21.541027989450942,
        "max_throughput_mbps": 47.2266524861177,
        "avg_sinr_db": 2.2607207212984552,
        "min_sinr_db": -0.6412539931685295,
        "throughput_fairness": 0.4561201536734567
      },
      "uav_individual_stats": {
        "throughputs_mbps": [
          22.761570397905924,
          42.71220126765416,
          22.95950617612319,
          21.541027989450942,
          47.2266524861177,
          22.800952237528293
        ],
        "sinr_values_db": [
          -0.17292478447425444,
          6.606105325569991,
          -0.09797200987980709,
          -0.6412539931685295,
          8.028360586845169,
          -0.157990797101837
        ],
        "distances_to_gnb_m": [
          495.1257877814673,
          180.18529716908347,
          421.8279193823446,
          469.0829073520878,
          139.44490591821418,
          414.9265900425644
        ]
      }
    },
    "distributed": {
      "name": "UAVs Distribuidos",
      "scenario_info": {
        "name": "UAVs Distribuidos",
        "uav_count": 7,
        "area_factor": 1.2
      },
      "performance_stats": {
        "num_uavs": 7,
        "total_throughput_mbps": 330.88968163670387,
        "avg_throughput_mbps": 47.26995451952912,
        "min_throughput_mbps": 34.092854266162064,
        "max_throughput_mbps": 70.20414612853712,
        "avg_sinr_db": 10.432315971851741,
        "min_sinr_db": 5.668026618701097,
        "throughput_fairness": 0.4856245128847702
      },
      "uav_individual_stats": {
        "throughputs_mbps": [
          68.12016309136392,
          70.20414612853712,
          40.2231247517849,
          38.6529553592999,
          39.37516538996597,
          34.092854266162064,
          40.22127264959
        ],
        "sinr_values_db": [
          17.885683668497006,
          18.620321051398705,
          7.934560126046036,
          7.359398305676925,
          7.624338534085159,
          5.668026618701097,
          7.933883498557269
        ],
        "distances_to_gnb_m": [
          149.8616529955436,
          126.4101424066394,
          399.5905526586174,
          472.2106798396544,
          703.0027659526302,
          640.7428805668649,
          493.37681555616285
        ]
      }
    }
  },
  "comparative_analysis": {
    "best_total_throughput": {
      "scenario": "Baja Densidad",
      "value_mbps": 471.78638037155616
    },
    "best_avg_throughput": {
      "scenario": "Baja Densidad",
      "value_mbps": 157.26212679051872
    },
    "best_sinr": {
      "scenario": "Baja Densidad",
      "value_db": 17.62751635443368
    },
    "most_balanced": {
      "scenario": "Baja Densidad",
      "balance_score": 0.4992962046048637
    }
  },
  "recommendations": {
    "for_maximum_capacity": "Baja Densidad",
    "for_best_individual_performance": "Baja Densidad",
    "for_best_signal_quality": "Baja Densidad",
    "for_fairness": "Baja Densidad"
  },
  "summary": {
    "best_scenario_overall": "Baja Densidad",
    "max_total_throughput": "471.8 Mbps",
    "best_individual_throughput": "157.3 Mbps",
    "interference_impact": "Significativo en escenarios de alta densidad"
  }
}