{
  "simulation_type": "mobility_analysis",
  "timestamp": "2026-02-01",
  "system_config": {
    "scenario": "Munich Urban Mobility 3D",
    "simulation_time": "60s",
    "time_resolution": "0.5s",
    "flight_area": "\u00b1200m",
    "height_range": "30-80m",
    "patterns_analyzed": 6
  },
  "mobility_analysis": {
    "simulation_time_s": 60,
    "patterns_analyzed": 6,
    "flight_area_m": 400,
    "height_range": "30-80m"
  },
  "pattern_results": {
    "circular": {
      "name": "Trayectoria Circular",
      "trajectory_stats": {
        "total_distance_m": 942.3067464708439,
        "avg_velocity_ms": 15.0,
        "max_velocity_ms": 15.0
      },
      "performance_stats": {
        "avg_throughput_mbps": 1425.7417271353286,
        "min_throughput_mbps": 1425.7290132340713,
        "max_throughput_mbps": 1425.7544410365854,
        "stability_score": 0.9999999981104188,
        "total_data_mb": 10782.92062539324
      }
    },
    "linear": {
      "name": "Trayectoria Lineal",
      "trajectory_stats": {
        "total_distance_m": 1573.1092436974789,
        "avg_velocity_ms": 14.836134453781513,
        "max_velocity_ms": 15.0
      },
      "performance_stats": {
        "avg_throughput_mbps": 1501.4616559789104,
        "min_throughput_mbps": 1332.6510433501226,
        "max_throughput_mbps": 1875.6529731589674,
        "stability_score": 0.06863035578187628,
        "total_data_mb": 11355.592356143019
      }
    },
    "spiral": {
      "name": "Trayectoria Espiral",
      "trajectory_stats": {
        "total_distance_m": 915.0544407185466,
        "avg_velocity_ms": 11.646369896678069,
        "max_velocity_ms": 15.0
      },
      "performance_stats": {
        "avg_throughput_mbps": 1610.082132157761,
        "min_throughput_mbps": 1397.7973121341163,
        "max_throughput_mbps": 2130.08880621335,
        "stability_score": 0.03632649143676804,
        "total_data_mb": 12177.091755815
      }
    },
    "figure8": {
      "name": "Trayectoria Figura-8",
      "trajectory_stats": {
        "total_distance_m": 731.4564090159528,
        "avg_velocity_ms": 11.856252753228695,
        "max_velocity_ms": 15.0
      },
      "performance_stats": {
        "avg_throughput_mbps": 1543.957819995477,
        "min_throughput_mbps": 1450.611624073636,
        "max_throughput_mbps": 1878.075985908226,
        "stability_score": 0.13010891745634912,
        "total_data_mb": 11676.991915932178
      }
    },
    "random_walk": {
      "name": "Caminata Aleatoria",
      "trajectory_stats": {
        "total_distance_m": 1901.5958141220249,
        "avg_velocity_ms": 13.579852641403033,
        "max_velocity_ms": 15.0
      },
      "performance_stats": {
        "avg_throughput_mbps": 1508.0730891962437,
        "min_throughput_mbps": 1362.8639338536875,
        "max_throughput_mbps": 1894.0100086101988,
        "stability_score": 0.09271011172982718,
        "total_data_mb": 11405.594792240498
      }
    },
    "optimized": {
      "name": "Trayectoria Optimizada",
      "trajectory_stats": {
        "total_distance_m": 456.110461903482,
        "avg_velocity_ms": 7.677838363630985,
        "max_velocity_ms": 11.02460682037344
      },
      "performance_stats": {
        "avg_throughput_mbps": 1648.8658677960477,
        "min_throughput_mbps": 1612.530263865159,
        "max_throughput_mbps": 1744.057728849942,
        "stability_score": 0.5120209906307343,
        "total_data_mb": 12470.414126188596
      }
    }
  },
  "comparative_analysis": {
    "best_avg_throughput": {
      "pattern": "Trayectoria Optimizada",
      "value_mbps": 1648.8658677960477
    },
    "most_stable": {
      "pattern": "Trayectoria Circular",
      "stability_score": 0.9999999981104188
    },
    "highest_peak": {
      "pattern": "Trayectoria Espiral",
      "value_mbps": 2130.08880621335
    },
    "most_efficient": {
      "pattern": "Trayectoria Optimizada",
      "efficiency_mb_per_m": 27.340776342085906
    }
  },
  "summary": {
    "recommended_pattern": "Trayectoria Optimizada",
    "best_avg_throughput": "1648.9 Mbps",
    "stability_range": "0.04 - 1.00",
    "total_patterns_tested": 6
  }
}